tipo,qtd,caso,tempo,trocas,copias
a,10,0,0.000004,21,0
a,10,1,0.000002,21,0
a,20,0,0.000007,122,0
a,20,1,0.000007,122,0
c,10,0,0.000002,0,0
c,10,1,0.000002,0,0
c,20,0,0.000004,0,0
c,20,1,0.000005,0,0
d,10,0,0.000003,41,0
d,10,1,0.000002,41,0
d,20,0,0.000007,185,0
d,20,1,0.000006,185,0
