tipo,qtd,caso,tempo,trocas,copias
a,1000,0,0.008589,239361,0
c,1000,0,0.005717,0,0
d,1000,0,0.004977,499355,0
