tipo,qtd,caso,tempo,comparacoes,copias
a,1000,0,0.000259,0,16680
c,1000,0,0.001680,0,2997
d,1000,0,0.002535,0,77703
