tipo,qtd,caso,tempo,comparacoes,copias
c,50000,0,2.861606,1249975000,149997
c,50000,1,2.838196,1249975000,149997
c,50000,2,2.870826,1249975000,149997
c,50000,3,3.289013,1249975000,149997
c,50000,4,2.838151,1249975000,149997
c,50000,5,2.949621,1249975000,149997
c,50000,6,2.845624,1249975000,149997
c,50000,7,2.836922,1249975000,149997
c,50000,8,2.892068,1249975000,149997
c,50000,9,2.803563,1249975000,149997
