tipo,qtd,caso,tempo,comparacoes,copias
a,1000,0,0.003666,500499,0
c,1000,0,0.002250,500499,0
d,1000,0,0.003150,500499,0
