tipo,qtd,caso,tempo,comparacoes,copias
c,50000,0,3.671592,1250024999,0
c,50000,1,3.595850,1250024999,0
c,50000,2,3.641295,1250024999,0
c,50000,3,3.506602,1250024999,0
c,50000,4,3.733604,1250024999,0
c,50000,5,3.691904,1250024999,0
c,50000,6,3.372409,1250024999,0
c,50000,7,3.703403,1250024999,0
c,50000,8,3.211056,1250024999,0
c,50000,9,3.260025,1250024999,0
